NBa7we src,d4r55,RfnDt,eaLgGf,hCCjke,rsqaWe,W8gobe,wiI7pd,w8nwRe,dSlJg,znYl0,dSlJg 2,znYl0 2,nM6d2c,DZSIDd,wiI7pd 2,Hzvxle,pkWtMe,uEubGf
https://lh3.googleusercontent.com/a/ACg8ocL3P60EORWoMBwLNrtzbC2pwwhlhwiXeo9EA7DAape91TqYCw=w36-h36-p-rp-mo-br100,Vritika Singla,17 reviews ¬∑ 9 photos,Óóî,Ó†∏,5 days ago,New,I really like this location. I have been there so many times. Recently I have ordered twice from DoorDash one time i got one stone and second time big pit of avocado. And last time it is not even warm. Please be careful If you don‚Äôt wanna loose your customers ‚Ä¶ hope next time i wont be surprised with another new thing,More,Ó£ú,Like,Ó†ç,Share,,,,,,
https://lh3.googleusercontent.com/a-/ALV-UjU0kdN5iAt48HuydibDl9wPglvSGGStPU1XbCRoCPUsHfRbBCWy5A=w36-h36-p-rp-mo-br100,COMS 1984,36 reviews ¬∑ 120 photos,Óóî,Ó†∏,3 months ago,,"Luke Warm Food, Consistently Stale Chips

Been going to this location since it opened semi regularly. ‚Ä¶",More,Ó£ú,Like,Ó†ç,Share,Response from the owner,3 months ago,Thanks for sharing your feedback. Reach out to us here: https://www.chipotle.com/contact-us so we can help.,,,
https://lh3.googleusercontent.com/a-/ALV-UjUjbx-Cb2yI3K_cYdArbf8JfIh0aWzEk_nd71DAW11wWz-fva2F=w36-h36-p-rp-mo-br100,Melinda Hensman,12 reviews ¬∑ 19 photos,Óóî,Ó†∏,2 months ago,,"Ordered take out from chipotle Markham tonight and the order was not only wrong but gross. My order i said no rice, extra lettuce. Got little to no lettuce and lots of rice. I also asked for beans got none. My husband asked for double ‚Ä¶",More,Ó£ú,,Ó†ç,Share,Response from the owner,2 months ago,Thanks for sharing your feedback. Reach out to us here: https://www.chipotle.com/contact-us so we can help.,Like,1,
https://lh3.googleusercontent.com/a/ACg8ocKaOmyxLo8FZjQF4VmDWhkwRSHruybTvXN1egFEKrseCFfy6g=w36-h36-p-rp-mo-br100,hot chicken,13 reviews ¬∑ 30 photos,Óóî,Ó†∏,4 months ago,,This has to be hands down the worst chipotle ever. They‚Äôre extremely stingy with  their portions. This was my first time getting from them and I was shocked at their portion size for chicken and even rice! When I asked about they said ‚Ä¶,More,Ó£ú,,Ó†ç,Share,Response from the owner,4 months ago,Thanks for sharing your feedback. Reach out to us here: https://www.chipotle.com/contact-us so we can help.,Like,3,
https://lh3.googleusercontent.com/a/ACg8ocJWAvPHTNP7waVyHQtFx_GLUKT1RWDSu5GiZCMH0i2aN-JMQg=w36-h36-p-rp-mo-br100,Henry Oh,9 reviews ¬∑ 6 photos,Óóî,Ó†∏,3 weeks ago,New,"The place had lots of seating area, and the staffs were friendly and polite. Food was great, you will get exactly what you expect from Chipotle, but with a little bit larger portion compared to other locations üòÑ ‚Ä¶",More,Ó£ú,Like,Ó†ç,Share,Response from the owner,3 weeks ago,Thanks for sharing your feedback. Reach out to us here: https://www.chipotle.com/contact-us so we can help.,,,
https://lh3.googleusercontent.com/a-/ALV-UjWQwVp9ng9Ujq6Kgh8DUvipaZrr6mS56MFiHm5T2ZB9pBX3jPH_=w36-h36-p-rp-mo-ba3-br100,angela,Local Guide ¬∑ 32 reviews ¬∑ 49 photos,Óóî,Ó†∏,3 months ago,,"chipotle is the best thing since sliced bread, honestly i didn‚Äôt even finish these tacos and i was so stuffed.
(i know it‚Äôs hard to tell they are tacos, but i swear they are) ‚Ä¶",More,Ó£ú,,Ó†ç,Share,,,,Like,2,
https://lh3.googleusercontent.com/a-/ALV-UjUgsEPoLtWzH2V1Vr-n0D_pcs6P_HmHVTXAOWeGKIZ6Bk4QTSPxLQ=w36-h36-p-rp-mo-ba5-br100,Prasoon Srivastava,Local Guide ¬∑ 294 reviews ¬∑ 781 photos,Óóî,Ó†∏,a month ago,,"I recently visited Chipotle with a friend, and we had an excellent experience. From the moment we walked in, the atmosphere was inviting, and the staff was incredibly friendly and efficient. We were impressed with the cleanliness and the ‚Ä¶",More,Ó£ú,Like,Ó†ç,Share,Response from the owner,a month ago,Thanks for sharing your feedback. Reach out to us here: https://www.chipotle.com/contact-us so we can help.,,,
https://lh3.googleusercontent.com/a-/ALV-UjXo_0LzpeyTUKtny1fYofd3Zkvns9zSe9H3Z47FECLcTsZF4Fwu=w36-h36-p-rp-mo-ba3-br100,Melika Sh,Local Guide ¬∑ 44 reviews ¬∑ 28 photos,Óóî,Ó†∏,a week ago,New,I ordered uber eats from here and I chocked on a zip tie that I found in my food. Tried to immediately call to inform them but their phone line is not working,More,Ó£ú,Like,Ó†ç,Share,,,,,,
https://lh3.googleusercontent.com/a-/ALV-UjUdSndkiIRErmsntvuf8Wy9Yo_7GVUpltCQO0cK4q3e_Ajnrk-x=w36-h36-p-rp-mo-ba5-br100,Jason Mak,Local Guide ¬∑ 141 reviews ¬∑ 698 photos,Óóî,Ó†∏,a month ago,,I stopped by yesterday after a Yelp event nearby at Claw & Kitty. I believe this Chipotle replaced Nando's in this plaza. ‚Ä¶,More,Ó£ú,,Ó†ç,Share,Response from the owner,a month ago,"We appreciate you reaching out. Please send us a message and we will contact you shortly: https://www.chipotle.com/contact-us#report-an-experience
-Chris",Like,2,
https://lh3.googleusercontent.com/a/ACg8ocJWD--2AAGt3_9ppHMuErW81ZjKLN_EIejMM65g3gXutKntZQ=w36-h36-p-rp-mo-br100,Ravi Shekher,1 review,Óóî,Ó†∏,2 weeks ago,New,This review is after my last 3 visits to this place. The staff is always in hurry to fill your bowl with whatever they feel like and not follow any instructions. Good Place but the serving experience spoils it completely. Not worth a visit,More,Ó£ú,,Ó†ç,Share,Response from the owner,2 weeks ago,Thanks for sharing your feedback. Reach out to us here: https://www.chipotle.com/contact-us so we can help.,Like,1,
,,,,,,,,,,,,,,,,,,
,,,,,,,,,,,,,,,,,,
,,,,,,,,,,,,,,,,,,
,,,,,,,,,,,,,,,,,,All
,,,,,,,,,,,,,,,,,,bowl
,,,,,,,,,,,,,,,,,,portion size
,,,,,,,,,,,,,,,,,,protein
,,,,,,,,,,,,,,,,,,parking
,,,,,,,,,,,,,,,,,,sour cream
,,,,,,,,,,,,,,,,,,lettuce
,,,,,,,,,,,,,,,,,,healthy
,,,,,,,,,,,,,,,,,,fresh food
,,,,,,,,,,,,,,,,,,brown rice
,,,,,,,,,,,,,,,,,,white rice
,,,,,,,,,,,,,,,,,,6
https://lh3.googleusercontent.com/a-/ALV-UjU4k-0OMPIZ36HdrfGtdmO8GBLp0VE1wb1AyZPHP6su3v_9G6JITQ=w36-h36-p-rp-mo-ba4-br100,Srikantha Janakaruban (Janakan),Local Guide ¬∑ 169 reviews ¬∑ 308 photos,Óóî,Ó†∏,a month ago,,"Taste is paramount when it comes to enjoying a meal! Whether ordering lunch or preparing it yourself, ensuring that the food is delicious makes the dining experience much more enjoyable. It's all about savoring the flavors, textures, and ‚Ä¶",More,Ó£ú,Like,Ó†ç,Share,,,,,,
https://lh3.googleusercontent.com/a/ACg8ocLnInfnlNBXxy_UQKdChUQW8FKRzz_idz21VDRqX2AYoTlApg=w36-h36-p-rp-mo-br100,Brian Morris,7 reviews,Óóî,Ó†∏,a week ago,New,Burrito was cold and fell apart as soon as I unwrapped it. Tried to ask cashier to see if they could reward and heat it up. Looked at me if I was crazy and finally decided to get manager. Manager said they don‚Äôt heat up their burritos after ‚Ä¶,More,Ó£ú,Like,Ó†ç,Share,,,,,,
https://lh3.googleusercontent.com/a/ACg8ocKue5sTiLqBVUqw0QR1ptVauIdU9VfJI4lpEda-wfacbseHuw=w36-h36-p-rp-mo-br100,Sophia Shen,38 reviews ¬∑ 6 photos,Óóî,Ó†∏,6 months ago,,"Extremely disappointed with this chipotle salad. The guac was brown and not fresh, there was barely any lettuce in the bowl (you can see the bowl is quite empty), and the meat is extremely salty that it is barely edible. Given all the other food options around, definitely will be avoiding chipotle for my future lunches",More,Ó£ú,,Ó†ç,Share,Response from the owner,6 months ago,Thanks for sharing your feedback. Reach out to us here: https://www.chipotle.com/contact-us so we can help.,Like,3,
https://lh3.googleusercontent.com/a/ACg8ocIOKilTCGbpZawDtR1ICT8WdnIz-J_v56XhLXbq1Uuyd3tTfQ=w36-h36-p-rp-mo-br100,Muhab Khalil,7 reviews ¬∑ 3 photos,Óóî,Ó†∏,4 months ago,,"The lobby was extremely dirty every garbage was overflowing, the tables were very dirty the counter where my food was prepared was not clean. my food was very cold and it was empty. Spent 40 dollars on two bowls one of them was EMPTY and ‚Ä¶",More,Ó£ú,,Ó†ç,Share,Response from the owner,4 months ago,Thanks for sharing your feedback. Reach out to us here: https://www.chipotle.com/contact-us so we can help.,Like,1,
https://lh3.googleusercontent.com/a/ACg8ocJBfN9ldcAC_QWq4_HD7lmsNJOjDZwEw5q8mD6fi6QC7oKsUw=w36-h36-p-rp-mo-ba3-br100,Miki P,Local Guide ¬∑ 65 reviews ¬∑ 13 photos,Óóî,Ó†∏,6 months ago,,The reason why chipotle will go bankrupt one day as we speak is because of their incompetent workers and INCOMPETENT ‚ÄúMANAGER‚Äù. ‚Ä¶,More,Ó£ú,,Ó†ç,Share,Response from the owner,6 months ago,"Thank you for sharing those details about your experience in one of our stores. If you could reach out to customer care here: https://chipotle.com/contact-us we should be able assist with this situation.
-Sheldon",Like,8,
https://lh3.googleusercontent.com/a/ACg8ocLNlsdboEnHwJOrciOEnPkG0ypu5ho26K69YUTrV7pcxRVGhG8=w36-h36-p-rp-mo-br100,Edison Chen,53 reviews,Óóî,Ó†∏,a month ago,,After this store became filled with Indian immigrants I had to stop coming immediately. Not only do they talk and spit on your food while preparing it. They pretend it's like a gathering not taking anything seriously having me needing to ‚Ä¶,More,Ó£ú,,Ó†ç,Share,Response from the owner,a month ago,Thanks for sharing your feedback. Reach out to us here: https://www.chipotle.com/contact-us so we can help.,Like,3,
https://lh3.googleusercontent.com/a-/ALV-UjX0ZjQRA5ixVa3eHhNOb6mQTmXqpk1i2tQlFalZDTdNd3tc0O_oZg=w36-h36-p-rp-mo-ba8-br100,A. L.,"Local Guide ¬∑ 917 reviews ¬∑ 13,338 photos",Óóî,Ó†∏,a year ago,,I like it very much as it is very healthy but I found it a bit pricey.  I ordered a bowl for takeout   It ended up costing me over $20.  The server kept asking me if I want this and that. I didn't know every item she asked me was added ‚Ä¶,More,Ó£ú,,Ó†ç,Share,,,,Like,2,
https://lh3.googleusercontent.com/a/ACg8ocIr0IllNkatmO_OU2vpjEl6itu8nVjKMuRKqaQiJrILs23hpg=w36-h36-p-rp-mo-br100,Robert Goledzinowski,10 reviews,Óóî,Ó†∏,a month ago,,"Got the Chicken Al Pastor bowl and it was great and delicious. I did not find it too expensive, but it costs money to eat real food these days. Health is wealth, won‚Äôt go wrong if you go here. The pickup on the app was so smooth, in and out in a minute while the place was busy.",More,Ó£ú,Like,Ó†ç,Share,,,,,,
https://lh3.googleusercontent.com/a-/ALV-UjXaUYeeOYoW72CCNF2YIsTatj7dcopZ1TkipX2OYNet2cesWLM_=w36-h36-p-rp-mo-ba5-br100,BARBARA BANSALE,Local Guide ¬∑ 162 reviews ¬∑ 396 photos,Óóî,Ó†∏,8 months ago,,"Thy their steak salad! Guacamole, queso and chips are nice too.
Servings are more than enough.
Service is fast. ‚Ä¶",More,Ó£ú,Like,Ó†ç,Share,,,,,,
https://lh3.googleusercontent.com/a/ACg8ocKN31iQGfOopHMsBkG2_Q4aazz5TpMUnS8dEChmdczOt5ET3g=w36-h36-p-rp-mo-ba3-br100,Y Jing,Local Guide ¬∑ 38 reviews ¬∑ 22 photos,Óóî,Ó†∏,8 months ago,,"The carne asad burrito was seasoned nicely, but the meat they need to work on.  Parts were tender, most parts of the beef wasn't a natural type chewy. There's always a piece that was so chewy my teeth can't get through. It was stringy. The ‚Ä¶",More,Ó£ú,Like,Ó†ç,Share,,,,,,
https://lh3.googleusercontent.com/a/ACg8ocLnBI-LOyp2kEUJIrxv_cfk99uNKrNcd8x5qGPPdXeqYdRCwQ=w36-h36-p-rp-mo-br100,Aashkon Irani,32 reviews,Óóî,Ó†∏,2 weeks ago,New,For the $15 price tag and only getting 2/3 of your bowl filled is such robbery. I hinted at the server the serving seems small and their reasoning was because I didn‚Äôt add all the salsa‚Ä¶I‚Äôm sorry what? I can see others have complained about ‚Ä¶,More,Ó£ú,,Ó†ç,Share,Response from the owner,2 weeks ago,Thanks for sharing your feedback. Reach out to us here: https://www.chipotle.com/contact-us so we can help.,Like,1,
https://lh3.googleusercontent.com/a-/ALV-UjWt9Ovdd6DhpToMWmnRsz9HVFqv6AJ8WO5jhbPUU1Gtc5y2eom7=w36-h36-p-rp-mo-ba4-br100,Jonathan,Local Guide ¬∑ 50 reviews ¬∑ 154 photos,Óóî,Ó†∏,10 months ago,,Food was very good probably the first time in a long time that there chips were not stale which was good and had guacamole there for first time and was good just too much food I ordered with the queso and chicken bowl. Overall very consistent Chipotle is a would definitely give it a try if you have never been,More,Ó£ú,,Ó†ç,Share,,,,Like,1,
https://lh3.googleusercontent.com/a/ACg8ocLTiOnkx3d9aoizRLOaHhV0DkRrBgwGRYoKNoBtH-IOF6yIag=w36-h36-p-rp-mo-ba3-br100,Manali Patel,Local Guide ¬∑ 38 reviews ¬∑ 40 photos,Óóî,Ó†∏,3 weeks ago,New,"I ordered a veggie bowl, and somehow either a chicken or some sort of meat piece was in my bowl. Felt frustrated that I couldn‚Äôt really finish my bowl. Don‚Äôt know if I‚Äôll be eating at chipotle again. Perhaps workers should be careful and ensure there‚Äôs no cross contamination.",More,Ó£ú,Like,Ó†ç,Share,Response from the owner,3 weeks ago,"Will you please contact us at https://www.chipotle.com/contact-us#report-an-experience so we can follow up with you directly? 
-Alex",,,
https://lh3.googleusercontent.com/a-/ALV-UjV014KO97y2e-HeAXF0lKTYCc8y1y5ThtRUeCuQ2c1EL0UXk5WZ=w36-h36-p-rp-mo-br100,T t,2 reviews ¬∑ 1 photo,Óóî,Ó†∏,2 months ago,,ordered twice on uber eats and both occasions didn‚Äôt even fill half the bowl.,,Ó£ú,,Ó†ç,Share,,,,Like,1,
https://lh3.googleusercontent.com/a-/ALV-UjXMMUITesACL5nFofbiL77fIXiPjzxfFQUNY5_DjAftmQ3b8bbY=w36-h36-p-rp-mo-ba3-br100,Therealshanegmusic,Local Guide ¬∑ 22 reviews ¬∑ 29 photos,Óóî,Ó†∏,a month ago,,"The service is quick, and the food is extremely filling. I'm not sure if I would buy Chipotle Mexican grill again just due to my preference, but if you want a healthy bowl or wrap, definitely try them out but be prepared to pay a pretty penny.",More,Ó£ú,Like,Ó†ç,Share,,,,,,
https://lh3.googleusercontent.com/a-/ALV-UjWutm1HHM4PykbEy3Xh1vT07e8Rx7TLbroIV2SalFMbxKpTal3B=w36-h36-p-rp-mo-ba3-br100,Evan,Local Guide ¬∑ 66 reviews ¬∑ 20 photos,Óóî,Ó†∏,2 weeks ago,New,Portions are definitely getting smaller especially if you online order. Even if you get double protein they reduce the amount of rice accordingly. Also charged me double and their support put up a fight when I tried to get them to refund it.,More,Ó£ú,,Ó†ç,Share,,,,Like,1,
https://lh3.googleusercontent.com/a/ACg8ocKhBFhTujqUMdGbfkuHJgiJh8RfinHdd1lefEs6ySJtjOzh141q=w36-h36-p-rp-mo-ba6-br100,Lily W,"Local Guide ¬∑ 128 reviews ¬∑ 2,848 photos",Óóî,Ó†∏,8 months ago,,"I had the rice bowl with half carne asada & half chicken, rice & beans, sour cream, cilantro, cheese, lettuce which was tastyüëå they got the best tasting nachos from scratch which was deliciousü•∞ but quite salty, with the guava flavoured Jarritos juiceü•§ ‚Ä¶",More,Ó£ú,Like,Ó†ç,Share,Response from the owner,8 months ago,Thanks for sharing your feedback. Reach out to us here: https://www.chipotle.com/contact-us so we can help.,,,
https://lh3.googleusercontent.com/a-/ALV-UjXkafsS5M_AyauHczKIb_HA71Q4AA8nyyt1oZ5vEruCCUyTFwSLyw=w36-h36-p-rp-mo-ba5-br100,Sum Alv,Local Guide ¬∑ 242 reviews ¬∑ 499 photos,Óóî,Ó†∏,4 months ago,,"Great location that‚Äôs nice and big - lots of seating! The staff are quick, big parking lot, food is as expected - it‚Äôs chipotle, what do ya expect? The chips are delicious with guacamole and always a snack to eat on the way home with your burrito bowl. Pro tip! Get double chicken to get your full protein intake :) get those gains!!!",More,Ó£ú,Like,Ó†ç,Share,,,,,,
https://lh3.googleusercontent.com/a-/ALV-UjVHD6e4sUDhO4yW1x85wyLlnbhD7ApLKqcKoonEn0W5YXkzLJizGA=w36-h36-p-rp-mo-br100,Chitra Shah,5 reviews,Óóî,Ó†∏,a month ago,,"This is the third time they‚Äôve run out of brown rice and/or beans at peak dinner time rush. Not to mention clumpy stale white rice. The beans I got were bottom of the barrel scrap and that too a half filled ladle. Given that I‚Äôm vegan, I ‚Ä¶",More,Ó£ú,,Ó†ç,Share,Response from the owner,a month ago,Thanks for sharing your feedback. Reach out to us here: https://www.chipotle.com/contact-us so we can help.,Like,1,
https://lh3.googleusercontent.com/a/ACg8ocIPmm8OuH0BNup8G2iY2ZNV16E0bfNcyc733jnMp5oeTHtl3Q=w36-h36-p-rp-mo-br100,JH Josh Liang,6 reviews ¬∑ 2 photos,Óóî,Ó†∏,a year ago,,The worst Chipotle I had ever been to. Very generous in giving me two bowls but extremely stingy with food portion. I am offended by this small portion. $16 for a barely filled burrito bowl. Kids meal size adult price. I was told that ‚Ä¶,More,Ó£ú,,Ó†ç,Share,,,,Like,15,
https://lh3.googleusercontent.com/a-/ALV-UjVENAhxBWhhnZ8HpYLQ7oiZ25hWTPeVNC8BAcmI7v1VhR9PzYw=w36-h36-p-rp-mo-br100,Alpha Brother,1 review ¬∑ 1 photo,Óóî,Ó†∏,7 months ago,,Lol I ordered a steak bowl on door dash from this chipotle who ever didn‚Äôt add the ‚Äústeak‚Äù üòÇ. You need to get fired how do you forget the protein. How old are you??? ‚Ä¶,More,Ó£ú,,Ó†ç,Share,Response from the owner,7 months ago,"Pleases reach us here: https://www.chipotle.com/contact-us
-Chris",Like,3,
https://lh3.googleusercontent.com/a/ACg8ocLE7hQwC7LmQtZkE1pS_dgsdnUXHrXeAk_U8JBqV5YN0pMgkw=w36-h36-p-rp-mo-br100,jae.h. Yang,7 reviews,Óóî,Ó†∏,5 months ago,,"So... this was my first time in Chipotle, there isn't any location back in my country. I was excited to try food that I only saw online. Server name Gene was helping me, but..... I did not know what to do and he explained step by step and ‚Ä¶",More,Ó£ú,,Ó†ç,Share,,,,Like,1,
https://lh3.googleusercontent.com/a-/ALV-UjWHa-b3duMX4JGibFModgTJv7uGtrgEaDr2dkz_9DBjjv6I_gU6=w36-h36-p-rp-mo-br100,Kelly Yan,1 review ¬∑ 2 photos,Óóî,Ó†∏,2 months ago,,"I ordered a chicken burrito for takeout, nearing the end of it I discovered a huge bug in it. It was absolutely disgusting. I called the store to see what they could do for me. I went back to get a refund and the manager, nor none of the ‚Ä¶",More,Ó£ú,,Ó†ç,Share,Response from the owner,2 months ago,"That's concerning - please let us know more here: https://www.chipotle.com/contact-us#report-an-experience
-Alex",Like,1,
https://lh3.googleusercontent.com/a-/ALV-UjU7_--0-OwgLnC2gDuTOvtXvq0UMceMJtNn-8JxHL0g5AbxDfA=w36-h36-p-rp-mo-br100,Scarlett Long,3 reviews ¬∑ 2 photos,Óóî,Ó†∏,7 months ago,,So disgusting!! Someone threw a chewing gum inside the bowl! Avoid this location. The delivery was sealed so definitely from the employee.,More,Ó£ú,,Ó†ç,Share,Response from the owner,7 months ago,Thanks for sharing your feedback. Reach out to us here: https://www.chipotle.com/contact-us so we can help.,Like,11,
https://lh3.googleusercontent.com/a/ACg8ocIcVGnka9rGDKOyojK-yLtX6VhaUTQK5GHstQ3wkNmE3s7AGg=w36-h36-p-rp-mo-ba5-br100,Vik Gandhi,Local Guide ¬∑ 193 reviews ¬∑ 285 photos,Óóî,Ó†∏,2 years ago,,Very disappointed with the meal. We ordered 3 bowls for takeout and 2 of them were decently filled. One was without rice and the other had rice. The third one was the chicken bowl with no rice. There was hardly any chicken and 3 times the ‚Ä¶,More,Ó£ú,,Ó†ç,Share,,,,Like,9,
https://lh3.googleusercontent.com/a-/ALV-UjUDvrDgdMRkztH24jEhUi8BUuaRxhqauGpCtwHwwi-383j8KgFV=w36-h36-p-rp-mo-ba2-br100,Jamil Saleh,Local Guide ¬∑ 16 reviews ¬∑ 1 photo,Óóî,Ó†∏,3 months ago,,"Food: Disappointed in the burritos. Overstuffed with lettuce and rice, counted a whole 6 pieces of steak, and it fell apart almost immediately. ‚Ä¶",More,Ó£ú,,Ó†ç,Share,Response from the owner,3 months ago,"We appreciate you reaching out. Please send us a message and we will contact you shortly: https://www.chipotle.com/contact-us#report-an-experience 
-Chris",Like,1,
https://lh3.googleusercontent.com/a-/ALV-UjWWDv4VYJI98oyygJq_kMyJxnHEUOtvzrA7D5mrh-TJ9U7S91g=w36-h36-p-rp-mo-br100,Benny Campbell,1 review,Óóî,Ó†∏,a month ago,,Worst chipotle location EVER! All they do is fill up your bowl with a bunch of rice and barely ANY chicken. It's absolutely disgusting that they're charging you so much money for a plate of basically rice. Never again will I order from this location. Honestly they're lucky I wasn't there in person !!! I would SNAP !!!!,More,Ó£ú,,Ó†ç,Share,Response from the owner,a month ago,Thanks for sharing your feedback. Reach out to us here: https://www.chipotle.com/contact-us so we can help.,Like,2,
https://lh3.googleusercontent.com/a/ACg8ocLk4WQwhd1JlYdvWpcP3QrQByMiIHfP6ASv61HjrG0tcHq3Fw=w36-h36-p-rp-mo-br100,ooo Momm,25 reviews ¬∑ 4 photos,Óóî,Ó†∏,a month ago,,"Good portion, and extra fly protein added to my bowlü•≤ ‚Ä¶",More,Ó£ú,Like,Ó†ç,Share,Response from the owner,a month ago,-Chris,,,
https://lh3.googleusercontent.com/a-/ALV-UjVvC3rvvmPtUWHW7P3S2UkWEfszfARkyngfE1203Aj-p2ZCoIGW=w36-h36-p-rp-mo-br100,Natalie Yung,2 reviews ¬∑ 1 photo,Óóî,Ó†∏,2 months ago,,How does a fly end up in the guacamole and still get served? Unacceptable standards.,More,Ó£ú,,Ó†ç,Share,Response from the owner,2 months ago,"That's concerning - please let us know more here: chipotle.com/contact-us
-Sheldon",Like,2,
https://lh3.googleusercontent.com/a-/ALV-UjX2QWq9KrX6B9rzqOOKrIr9i1PSkcOA37Nlf9et_eIWGg8wA_A=w36-h36-p-rp-mo-ba4-br100,Gengyue Zhang,Local Guide ¬∑ 128 reviews ¬∑ 165 photos,Óóî,Ó†∏,a month ago,,The burrito is delicious. brownrice+chicken+guacamole+whatever you like. But the waiters seem to hate their job. Bad attitude. They choose not to hear any request you make.,More,Ó£ú,,Ó†ç,Share,,,,Like,1,
https://lh3.googleusercontent.com/a/ACg8ocJJIapbjf2NtmQ-URelHsS4dCFCPWCkv-nwstK9ugVUK52JiFI=w36-h36-p-rp-mo-br100,Devarsh Shah,41 reviews ¬∑ 10 photos,Óóî,Ó†∏,4 months ago,,"Do not go in there to waste your time and energy.
Was there at 9:30 on 23rd Feb .
They were out of fajjta veggies, waited for that to be done. After waiting I was ‚Ä¶",More,Ó£ú,Like,Ó†ç,Share,,,,,,
https://lh3.googleusercontent.com/a/ACg8ocKUP0uD1hoU0H3qSzIKNdrbc1dVPE7CTPhdK8h94Xb8TCRyUg=w36-h36-p-rp-mo-br100,Harris Ho,2 reviews ¬∑ 1 photo,Óóî,Ó†∏,10 months ago,,I am so disappointed. When I ordered my food with my girlfriend. He tried to save time for another customer by serving us together instead of taking our orders one by one. He made mistakes in picking the food. I cannot eat any dairy product but he gave me some cheese.,More,Ó£ú,,Ó†ç,Share,,,,Like,4,
https://lh3.googleusercontent.com/a/ACg8ocI2fqsksXvpedhSzeYyBLgXAFm1R461lLGM_Ll45nAa9YW9ZQ=w36-h36-p-rp-mo-br100,Christian Carlos,2 reviews,Óóî,Ó†∏,a month ago,,"I get lunch time is busy, but let‚Äôs make sure that bowl is place upwards. The liquids destroyed the bag, when picking up the bag the bowl fell through and spilt all over my white interior passenger  side :(",More,Ó£ú,,Ó†ç,Share,,,,Like,1,
https://lh3.googleusercontent.com/a/ACg8ocJW0o5ZXoYl4vfbbNgDd5zZiX-SQYeQfIrd5tKMJyGYBsiGCqf3=w36-h36-p-rp-mo-br100,Thadcha Kirubagaran,11 reviews ¬∑ 10 photos,Óóî,Ó†∏,10 months ago,,Food is fresh and tastes great. We had the chicken al pastor bowl with guac. Family oriented and lots of tables to dine in. ‚Ä¶,More,Ó£ú,Like,Ó†ç,Share,,,,,,
https://lh3.googleusercontent.com/a/ACg8ocIyd-KoxAaH3_xjU2cNx48zVcLBrlKE1IGlk__w9XGi740WqA=w36-h36-p-rp-mo-br100,Priyanka Michael,21 reviews ¬∑ 17 photos,Óóî,Ó†∏,3 weeks ago,New,"Felt the staff didn‚Äôt want to put enough protein when I pointed it out. Tables were not cleaned, had to sit outside as inside tables and chairs were a mess. Might not revisit.",More,Ó£ú,Like,Ó†ç,Share,,,,,,
https://lh3.googleusercontent.com/a-/ALV-UjWmRrKqPg8bcFhrjvGTKVfollq6NDgnlbI1hn7XAMrAKmkTT8I5aQ=w36-h36-p-rp-mo-ba3-br100,Hania Misbah,Local Guide ¬∑ 18 reviews ¬∑ 42 photos,Óóî,Ó†∏,11 months ago,,I really liked going there great staff and portion sizes were also good .Clean place,More,Ó£ú,Like,Ó†ç,Share,,,,,,
https://lh3.googleusercontent.com/a-/ALV-UjUnopta1WGDF0B2_gufTFNN_hMEgpfF6ghHciUEgHOx4vyY1wh7=w36-h36-p-rp-mo-ba2-br100,G S,Local Guide ¬∑ 19 reviews ¬∑ 3 photos,Óóî,Ó†∏,a year ago,,"Not worth it for $13. I think the employees are sort of racist, the Asian girl with short hair gave me like half a cup of rice cause I‚Äôm brown, whereas she was giving bigger portions to Asians and whites. Not cool and never going to chipotle again.",More,Ó£ú,,Ó†ç,Share,,,,Like,9,
https://lh3.googleusercontent.com/a-/ALV-UjVVoR21sxMe-arjqWsPlCjmEOZIp7wkX-14p9IQTL-nrzHHTIfNtg=w36-h36-p-rp-mo-ba4-br100,Rachel Wong,Local Guide ¬∑ 151 reviews ¬∑ 103 photos,Óóî,Ó†∏,3 years ago,,This is the absolute best chipotle. I live in Scarborough but its worth the extra drive to come here. The STC location gives tiny portions. Every time I've come to this Chipotle they give good portions. Their staff is nice and fast. So impressed. They forgot my tortilla but ill forgive them lol,,Ó£ú,Like,Ó†ç,Share,,,,,,
https://lh3.googleusercontent.com/a/ACg8ocJasLHfuFau-6v7d5sgsks0tUQ8iTQdNY3Ipa8tO3GzAGpoFg=w36-h36-p-rp-mo-br100,Vanessa Romano,9 reviews ¬∑ 3 photos,Óóî,Ó†∏,2 months ago,,"If I could give zero stars I would. Chipotle is usually my comfort food, I ordered on Uber eats and got a pubic hair in my bowl. I still feel like throwing up. Very unsanitary. I want my money back!!!!",More,Ó£ú,,Ó†ç,Share,Response from the owner,2 months ago,"We would like the opportunity to follow up on this as soon as possible. Please contact us directly: https://www.chipotle.com/contact-us
-Scott",Like,1,
https://lh3.googleusercontent.com/a-/ALV-UjUKFHC1AyG5aPX3X9ii9s9gO_CoGqxe-uZH1zx95oR1jNt19ynG=w36-h36-p-rp-mo-ba3-br100,GL KUNO,Local Guide ¬∑ 37 reviews ¬∑ 23 photos,Óóî,Ó†∏,3 months ago,,"I like Chipotle but this location is one of the worst. I come here quite often since it‚Äôs near my company, but half of the time they would mess up my order by either missing some items or misplace something. One time this employee put ‚Ä¶",More,Ó£ú,,Ó†ç,Share,Response from the owner,3 months ago,Thanks for sharing your feedback. Reach out to us here: https://www.chipotle.com/contact-us so we can help.,Like,1,
https://lh3.googleusercontent.com/a/ACg8ocLoWagcN6G37ZHSQAphNCfSj_Pz6I_L-kgmoBJcXB9676-lCg=w36-h36-p-rp-mo-br100,ÊôØÊø∞Áéã,2 reviews ¬∑ 2 photos,Óóî,Ó†∏,10 months ago,,"can they please teach their employees how to properly roll a burrito? I've been holding off thinking it was just a few times occurrence, but every single time I've gotten a burrito from this location the wrap is absolutely horrendous. Like it doesn't even feel like I'm eating a burrito.",More,Ó£ú,,Ó†ç,Share,,,,Like,4,
https://lh3.googleusercontent.com/a/ACg8ocLT49pbck5yJYlQNPjIQO5Z3wa91jjgZc4PpNzhj6ESJUuF90E=w36-h36-p-rp-mo-ba2-br100,Daver Bonab,Local Guide ¬∑ 17 reviews ¬∑ 9 photos,Óóî,Ó†∏,a month ago,,"I just had a bowl with no rice but beans, Barbados beef, guacamole and some other toppings. Now even after 3 hours my stomach feels bad and heavy! The food overall was Luke warm, stale and tasted bad! Not sure what they are using instead of avocados in their guacamole but it was absolutely gross! Not going there again!",More,Ó£ú,,Ó†ç,Share,Response from the owner,a month ago,"Thank you for notifying us about this issue with your order. Could you please send us a message at the link and we will contact you shortly: chipotle.com/contact-us
-Sheldon",Like,1,
https://lh3.googleusercontent.com/a/ACg8ocKUobX7wKpnceL5fhms5fRoF9zbLczxK0yTg7KXsXoBUqbI-Q=w36-h36-p-rp-mo-br100,Jacky,14 reviews ¬∑ 5 photos,Óóî,Ó†∏,a month ago,,"I just got robbed by chipotle. Just look at the portion size that I got. I ordered double chicken, extra everything and the portion is basically flush with the bowl. Last time, I came here they forgot to add sour cream to my order and my ‚Ä¶",More,Ó£ú,Like,Ó†ç,Share,,,,,,
https://lh3.googleusercontent.com/a/ACg8ocJDfj5E3c88HHnNTidPssVDDrJxLm6r6Z1-f9psRbxxL8pvRA=w36-h36-p-rp-mo-br100,Adam Giberson,40 reviews,Óóî,Ó†∏,3 months ago,,"Meh.  Kinda boring actually.  Felt like I was at a military canteen.  Service, with out a smile.  Just a production line.  I also didn't like that the extra add on's were difficult to see on the menu and that they were written in a faded ‚Ä¶",More,Ó£ú,Like,Ó†ç,Share,Response from the owner,3 months ago,"Thanks for the feedback, sorry to hear this.
-Scott",,,
https://lh3.googleusercontent.com/a-/ALV-UjVkU_2SJqxYih-uh2augGswQOnkFMNTqg6IOTSgaC6JCJTmeeQ=w36-h36-p-rp-mo-ba4-br100,Amy I,Local Guide ¬∑ 106 reviews ¬∑ 67 photos,Óóî,Ó†∏,a year ago,,"Tried a quesadilla for the first time from here‚Ä¶ it‚Äôs not bad but I definitely think I‚Äôd stick to my usual burrito or bowl. Portion sizes here are decent, but not as much as some other locations. It‚Äôs what you‚Äôd expect chipotle to be.",,Ó£ú,,Ó†ç,Share,,,,Like,2,
https://lh3.googleusercontent.com/a-/ALV-UjXqBVbQDelRyEPsAO5KuivW-MYbRKGSX29vp_3tjLK2D_SVB3k=w36-h36-p-rp-mo-ba3-br100,Jacky Ngo,Local Guide ¬∑ 48 reviews ¬∑ 18 photos,Óóî,Ó†∏,11 months ago,,"Absolutely worst chipotle I've been too.. portions were literally 1/4 of the spoon and when it came to the tomato chile, it was just water..... Absolutely disgusted with this location. Paid full price for lets say half the burrito size you ‚Ä¶",More,Ó£ú,,Ó†ç,Share,,,,Like,6,
https://lh3.googleusercontent.com/a-/ALV-UjXwb6_nZhCBHNHRUKMHkqIdRsFQkyJmhRLEfhwfs1VCiAHO9810=w36-h36-p-rp-mo-ba5-br100,Ivonne Correa,Local Guide ¬∑ 145 reviews ¬∑ 22 photos,Óóî,Ó†∏,a month ago,,"I go here for lunch with my coworkers sometimes. Keep in mind that there will be a long wait, so maybe place your order ahead of time. Otherwise, this location is clean, and the staff is professional.",More,Ó£ú,Like,Ó†ç,Share,,,,,,
https://lh3.googleusercontent.com/a-/ALV-UjWy7ju4yYX_sA6fLZB0JaaPnAQjTCYvlIro9Rfx8yhrbp2zMWJtGQ=w36-h36-p-rp-mo-ba4-br100,Paul Deslauriers,Local Guide ¬∑ 78 reviews ¬∑ 161 photos,Óóî,Ó†∏,3 months ago,,"Always a good and not too unhealthy meal.  My only suggestion would be to add a smaller bowl option.  I rarely finish, and I often see my coworkers are the same.  Having said that, I keep going back!",More,Ó£ú,Like,Ó†ç,Share,,,,,,
https://lh3.googleusercontent.com/a-/ALV-UjUTsep9Zv1B8LgNt2eGYcwjo_OuE4n5GFcP2G8a4NuQIDHapxFS=w36-h36-p-rp-mo-ba6-br100,J J,"Local Guide ¬∑ 278 reviews ¬∑ 2,123 photos",Óóî,Ó†∏,6 months ago,,"Chipotle offers a diverse menu with customizable options, allowing customers to create their ideal burritos, bowls, or salads. The use of fresh ingredients contributes to the overall quality of their dishes. However, some may find the ‚Ä¶",More,Ó£ú,Like,Ó†ç,Share,Response from the owner,6 months ago,Thanks for sharing your feedback. Reach out to us here: https://www.chipotle.com/contact-us so we can help.,,,
https://lh3.googleusercontent.com/a/ACg8ocKbn1A4kpW3BLbk_UhRXzjv1y27-ZV6E1Qq1ZTEhWIgCvKZdQ=w36-h36-p-rp-mo-br100,Christina B,17 reviews,Óóî,Ó†∏,6 months ago,,"Quick warning to other customers visiting this location. I went to this location recently and ordered a bowl. I noticed that I had severe stomach pains the following days, to the point where I got sick and noticed I swallowed a bay leaf. ‚Ä¶",More,Ó£ú,,Ó†ç,Share,Response from the owner,6 months ago,"We would like the opportunity to follow up on this as soon as possible. Please contact us directly: chipotle.com/contact-us
-Sheldon",Like,3,
https://lh3.googleusercontent.com/a-/ALV-UjWsxLDpQc4aH6uRRTx6Ta9o6KhgiAbW5wvR54eaMtzj3GoJrncv=w36-h36-p-rp-mo-ba2-br100,Marie,Local Guide ¬∑ 22 reviews ¬∑ 5 photos,Óóî,Ó†∏,2 months ago,,Great service today! It was a Saturday lunch rush and the ladies here were fantastic and fast. They were generous with the portions too.,,Ó£ú,Like,Ó†ç,Share,,,,,,
https://lh3.googleusercontent.com/a/ACg8ocLdBhiJo_nlIxTBzRGqjpsMCzOktHmYOpCIQKRSD8YXc8KA0w=w36-h36-p-rp-mo-br100,darleen saludes,1 review,Óóî,Ó†∏,2 months ago,,"Customer service is bad, asked for extra chicken and gave me extra 3 pieces of it. no way im paying extra $5 for that. cashier is lazy and has attitude.",More,Ó£ú,,Ó†ç,Share,,,,Like,1,
https://lh3.googleusercontent.com/a/ACg8ocJAHNz0kZ3uCG1Div8YsGe7Ms4kBQUXJOV-bVPM-5O0sjP5NA=w36-h36-p-rp-mo-br100,J W,17 reviews ¬∑ 4 photos,Óóî,Ó†∏,2 years ago,,"Very disappointed with the serving size.  I ordered a chicken bowl and was half-filled.  Wanted Brown rice, black beans, chicken,  mild salsa, grilled vegetables, sour cream,  corn, lettuce and cheese and this is what I got.  No corn, ‚Ä¶",More,Ó£ú,,Ó†ç,Share,,,,Like,7,
https://lh3.googleusercontent.com/a-/ALV-UjXVwDHzbkjWDnGihS5TKetNGkvHagukGbIOrsOa-xbH54JyxHmo=w36-h36-p-rp-mo-ba4-br100,Miko C.,Local Guide ¬∑ 107 reviews ¬∑ 9 photos,Óóî,Ó†∏,a year ago,,I have been coming to this chipotle monthly for about 6 months now. They used to be a decent Chipotle (not as good as the one in Scarborough Town Centre but it was ok) however I went on Sunday night and was incredibly disappointed. First of ‚Ä¶,More,Ó£ú,,Ó†ç,Share,,,,Like,9,
https://lh3.googleusercontent.com/a-/ALV-UjWZejw-PbbjEVIyVGcsdWWBOvBSXUFa8vABmKRkaVHMgrpBtHeN=w36-h36-p-rp-mo-br100,Daniel Chow,7 reviews ¬∑ 2 photos,Óóî,Ó†∏,a month ago,,"Very selfish with giving a decent portion. always very small bowls when i order here, every other similar restaurant is not like this.",More,Ó£ú,,Ó†ç,Share,Response from the owner,a month ago,Thanks for sharing your feedback. Reach out to us here: https://www.chipotle.com/contact-us so we can help.,Like,2,
https://lh3.googleusercontent.com/a/ACg8ocKPyShPdtNdnkBI8Xiip9pF6MhojvfcpLGNH5rOLmU1lHm4RUs=w36-h36-p-rp-mo-br100,Kristina Nesbit,23 reviews,Óóî,Ó†∏,6 months ago,,The foos is good but the workers here are overworked. I arrived at 930pm and they were already out of items and literally sweating. They seemed very impatient but understandablely so under the circumstances. I felt really sorry for them and there was a massive line behind me. Hope they are getting paid well at least.,More,Ó£ú,Like,Ó†ç,Share,,,,,,
https://lh3.googleusercontent.com/a-/ALV-UjVG3wFtr6PyavX58Dm2iv6vB-cb3Dg0AwqaSGXp4wEuw9dNRnwr=w36-h36-p-rp-mo-ba4-br100,Payal Singh,Local Guide ¬∑ 86 reviews ¬∑ 37 photos,Óóî,Ó†∏,4 months ago,,"Try the Chipotle Steak bowl and the hardshell tacos. Super yummy. This location has fresh items in terms of lettuce, etc, and are quick to serve.",More,Ó£ú,Like,Ó†ç,Share,,,,,,
https://lh3.googleusercontent.com/a-/ALV-UjVmn6GLvu7GC93bQd9CWUnLXMv_VDHWeKJxgYm95FqHOuiU3KQk=w36-h36-p-rp-mo-br100,Matthew Sese,7 reviews ¬∑ 3 photos,Óóî,Ó†∏,4 months ago,,I used the app to use the promo for free queso. It wasn‚Äôt working so I asked the manager and he said try again next time. No other option didn‚Äôt even wanna try and look at it or scan the code. Got my food and left and they forgot my guac so I had to drive back cause guac isn‚Äôt cheap lol,More,Ó£ú,,Ó†ç,Share,,,,Like,1,
https://lh3.googleusercontent.com/a/ACg8ocIOojWbca5eCfDCtCvZQX2-ieoeQ6wtOYh6qv_2pLXwnrjjNg=w36-h36-p-rp-mo-br100,YANG JIANG,1 review,Óóî,Ó†∏,6 months ago,,"Bad quality food, chicken is salty 8 out of 10 times. They screw up thr take out orders. The guac was literally black and they said its becauae guac is out of season??? What a jokd. How about stop making excuses ans admit your wrongs ans fix it for customers. Never coming back. Dont come if you dont wanna get sick.",More,Ó£ú,Like,Ó†ç,Share,Response from the owner,6 months ago,"Thank you for notifying us about this issue with your order. Could you please send us a message at the link and we will contact you shortly: chipotle.com/contact-us
-Sheldon",,,
https://lh3.googleusercontent.com/a-/ALV-UjVXoh_4-p_csfrpa09dus9OVX4fzI37wcpU7pFRD4n8IjXsvbhZ=w36-h36-p-rp-mo-br100,Jacob Cheng,5 reviews,Óóî,Ó†∏,7 months ago,,"Just a good overall Chipotle, I usually order to-go but when I've sat there it is a very nice place to sit. Workers are nice and have proper service. Only complaint was that one time they forgot my steak in a bowl in one delivery but other than that never had any problems.",More,Ó£ú,Like,Ó†ç,Share,Response from the owner,7 months ago,Thanks for sharing your feedback. Reach out to us here: https://www.chipotle.com/contact-us so we can help.,,,
https://lh3.googleusercontent.com/a/ACg8ocKamGYT0p2-yf1vGIAcGskQSLVmdCD8shtoMlbKuCRsucJZVw=w36-h36-p-rp-mo-br100,C. S.,34 reviews ¬∑ 2 photos,Óóî,Ó†∏,6 months ago,,The most saltiest chicken I‚Äôve ever ate in my  whole life. I‚Äôm sure they gave me the left over chicken as it was in crumbs and beyond salty anf disguting. ‚Ä¶,More,Ó£ú,Like,Ó†ç,Share,,,,,,
https://lh3.googleusercontent.com/a/ACg8ocL3FzpfFDKHmTOzo2Y82GUf7RrjrqtSNZt23y6x1TD7BavA7A=w36-h36-p-rp-mo-br100,Alex Randell,6 reviews,Óóî,Ó†∏,a month ago,,A seriously disgusting cockroach problem. They literally were trying to get through the doors of the restaurant tons of them all outside everywhere all in the parking lot Around the building open one door and a cockroach came running in! I‚Äôve got to be inside as well,,Ó£ú,Like,Ó†ç,Share,Response from the owner,a month ago,"We‚Äôre concerned to hear this. Would you please share more here? https://www.chipotle.com/contact-us#report-an-experience
-Alex",,,
https://lh3.googleusercontent.com/a/ACg8ocIsc9_X5W5xx-1sBK8e7rR-EVK6V6nszaN_lkwSJB2r50zTu3A=w36-h36-p-rp-mo-ba2-br100,Darren,Local Guide ¬∑ 20 reviews ¬∑ 6 photos,Óóî,Ó†∏,4 months ago,,"I mean honestly out of all the chipotles has to be the worse one, the portions are always inconsistent, if I'm paying for extra chicken I don't need the bowl to be loaded with rice with the same amount of chicken I'd normally get?",More,Ó£ú,,Ó†ç,Share,Response from the owner,4 months ago,Thanks for sharing your feedback. Reach out to us here: https://www.chipotle.com/contact-us so we can help.,Like,1,
https://lh3.googleusercontent.com/a/ACg8ocIJEhEC2mreXipyYSFUYA-3_lv44jeyRc-daOFk7D6iHjSe_Q=w36-h36-p-rp-mo-br100,Mike Seminara,30 reviews,Óóî,Ó†∏,2 months ago,,"Generous portions,great tasting mexican delights...very busy at lunchtime so expect to wait a few minutes for,the wait is worth it!!",More,Ó£ú,Like,Ó†ç,Share,,,,,,
https://lh3.googleusercontent.com/a/ACg8ocIcxRwNjSVEwkFppF2phhBXqcbplXqxSiBbsXpes9pxOd757g=w36-h36-p-rp-mo-br100,Areg Mk,4 reviews ¬∑ 2 photos,Óóî,Ó†∏,7 months ago,,They put way too much rice per order. You are basically going to be eating mostly rice here. And when you tell them to put less rice they will not add more beans or anything else so you will be eating half the portion for full price. Portions are not consistent. Especially the burritos. Do not recommend.,More,Ó£ú,Like,Ó†ç,Share,Response from the owner,7 months ago,Thanks for sharing your feedback. Reach out to us here: https://www.chipotle.com/contact-us so we can help.,,,
https://lh3.googleusercontent.com/a-/ALV-UjWFj0vsepjKV9I7nVU-TEPWTEyopa753rbxMXtwvNM2ejcVA6ZOSQ=w36-h36-p-rp-mo-ba3-br100,JS Tod,Local Guide ¬∑ 32 reviews ¬∑ 22 photos,Óóî,Ó†∏,a month ago,,The best Chipotle in GTA. Always good portion and fresh ingredients.  Staffs are kind and professional.,More,Ó£ú,Like,Ó†ç,Share,Response from the owner,a month ago,Thanks for sharing your feedback. Reach out to us here: https://www.chipotle.com/contact-us so we can help.,,,
https://lh3.googleusercontent.com/a/ACg8ocK0pAyE7u8ENSCeNWpqQuXNYyl-7tFPbCRYtC7DfYuWIlXN8A=w36-h36-p-rp-mo-br100,Don Ho,7 reviews,Óóî,Ó†∏,7 months ago,,"This location has no problem scamming your food charge and claiming that they ""cancelled"" the initial charge to your credit card. When in fact they are incompetent and dont know how to properly enter your order into their system. Never tap your credit card a second time when they request it.",More,Ó£ú,,Ó†ç,Share,,,,Like,2,
https://lh3.googleusercontent.com/a-/ALV-UjUe26MwD6NfjElMH0QeQcQTEmSLvogI1WuUPMQOAqlp5t37P9Y=w36-h36-p-rp-mo-br100,Oleksandr Shelestov,4 reviews ¬∑ 16 photos,Óóî,Ó†∏,a year ago,,"Delicious, this thing cost 12 $, healthy, normal spiced. My recommendation for people who always busy and want eat something fast, tasty and healthy. Ps. Google maps say it's chip place, but it's not . Same price like McDonald's or TimHortons",,Ó£ú,Like,Ó†ç,Share,,,,,,
https://lh3.googleusercontent.com/a-/ALV-UjXMIx_kM8L9WyY-ZfXCjQU04KOs3qy2ZZ8ci10U82QSzUSV2jM=w36-h36-p-rp-mo-ba4-br100,Keith C,Local Guide ¬∑ 143 reviews ¬∑ 163 photos,Óóî,Ó†∏,a year ago,,"When writing something on the foil, the worker knowingly ripped through the foil with the marker and drew on my burrito with the permanent marker. And they still served it to me. ‚Ä¶",More,Ó£ú,,Ó†ç,Share,,,,Like,2,
https://lh3.googleusercontent.com/a/ACg8ocJaN2ewuYLqBRG1WpCaPauZHiYGzPxxZUCdhbootrp5g2hmjg=w36-h36-p-rp-mo-ba3-br100,Nachiket Mundafale,Local Guide ¬∑ 19 reviews ¬∑ 52 photos,Óóî,Ó†∏,5 years ago,,"Its Chipotle, so the food is good. But the staff is horrible. Feels like they are day dreaming. Last time I visited them, they ended up adding meat in my veggie bowl. If I am not wrong, they ended up dropping this from someone else's bowl while I was paying!",,Ó£ú,,Ó†ç,Share,,,,Like,5,
https://lh3.googleusercontent.com/a/ACg8ocK1MeAenJSttFWJEQ5KPkvhQUUpWoTwdElmjwubMM72p0raiw=w36-h36-p-rp-mo-ba5-br100,Ben Pro,Local Guide ¬∑ 80 reviews ¬∑ 889 photos,Óóî,Ó†∏,a year ago,,This was a great chipotle! It was very clean the employees were very nice and the food was great. I would definitely recommend this location.,,Ó£ú,,Ó†ç,Share,,,,Like,1,
https://lh3.googleusercontent.com/a/ACg8ocIesSJTFUo8cskPrsRlDhxak_fEsxmrUOkQyVYo7IrFlIWmqA=w36-h36-p-rp-mo-br100,Yuxuan He,1 review,Óóî,Ó†∏,2 months ago,,Food is good but stuff looks like no patience. Just I cannot afford this meal lol.,More,Ó£ú,Like,Ó†ç,Share,,,,,,
https://lh3.googleusercontent.com/a-/ALV-UjUOwjAU-lZyDEE4c9Pom-TVet28p5-nXQ_vDqyfcZRY_guNiio=w36-h36-p-rp-mo-br100,Anthony,3 reviews ¬∑ 1 photo,Óóî,Ó†∏,3 years ago,,"I ordered door dash, they did not put any rice in the chicken bowl I ordered. I had to drive 15 mins to pick up the chicken bowl which should‚Äôve already been made correctly. When I arrived at the store to get a remake of my order, they ‚Ä¶",More,Ó£ú,,Ó†ç,Share,,,,Like,3,
https://lh3.googleusercontent.com/a-/ALV-UjXtDWYLDwjPRfpKUlZSkVrqcgyR1ICDj6aCtyOBTe4Ltc357wDR=w36-h36-p-rp-mo-br100,icerawer z,3 reviews ¬∑ 2 photos,Óóî,Ó†∏,a year ago,,Wow! I am amazed at this location's ability to fit the entire salt content of the Atlantic Ocean onto every single chip in every single bag in every single one of my orders. PLEASE!! LESS SALT!!! Everything else is fine.,,Ó£ú,,Ó†ç,Share,,,,Like,4,
https://lh3.googleusercontent.com/a/ACg8ocJCNA103xxTdK-bfY4iIuPe3RrUybYzZ_C_P6xxQ9sqUu6tdg=w36-h36-p-rp-mo-br100,Umer 23,3 reviews,Óóî,Ó†∏,a month ago,,"Very good serving sizes, more than happy to add more when asked.",More,Ó£ú,Like,Ó†ç,Share,Response from the owner,a month ago,Thanks for sharing your feedback. Reach out to us here: https://www.chipotle.com/contact-us so we can help.,,,
https://lh3.googleusercontent.com/a/ACg8ocL4fjZ4rNjTnnaRZOBjd31-vSreEG_joDthtaGbWwpZfx-GXw=w36-h36-p-rp-mo-br100,Gagandeep Sidhu,7 reviews,Óóî,Ó†∏,a week ago,New,They don‚Äôt even know how to wrap a burrito properly.,,Ó£ú,Like,Ó†ç,Share,,,,,,
https://lh3.googleusercontent.com/a-/ALV-UjWglt5qZWjzXL1MP5bOIcMbvNMzc499UmFF71rzENGYP-UHVVEI=w36-h36-p-rp-mo-ba3-br100,christine yu,Local Guide ¬∑ 48 reviews ¬∑ 44 photos,Óóî,Ó†∏,5 years ago,,Bug found in my burrito bowl. Bought a bunch of bowls to bring to work for my team. Once I got to work and opened my meal.. I found a big dead fly in my bowl. Right at the top too. Opened a ticket with chipotle to try to get a resolution. ‚Ä¶,More,Ó£ú,,Ó†ç,Share,,,,Like,4,
https://lh3.googleusercontent.com/a-/ALV-UjXwcdnldRfcTKmQth3ivwDMEivaQrkmVFMq4Y_-1de8q4_bBaM2bA=w36-h36-p-rp-mo-ba6-br100,Karen Mak,"Local Guide ¬∑ 123 reviews ¬∑ 2,591 photos",Óóî,Ó†∏,2 years ago,,Fast service from the staff. Busy on a Monday night. Delicious burrito bowl. Chips seemed a tad stale.,,Ó£ú,Like,Ó†ç,Share,,,,,,
https://lh3.googleusercontent.com/a/ACg8ocIOAsxVqkhn6amy8ne42Mlgt_uYi8d1N2EWxYxyOnj3k51Vjw=w36-h36-p-rp-mo-ba4-br100,Sinthujan W,Local Guide ¬∑ 45 reviews ¬∑ 112 photos,Óóî,Ó†∏,2 years ago,,"I have eaten here alot of times, never had a issus. Now the new young kid had put so little rice and half a scoop of protein. Feels like the employees are not trained the same. I had to go get something else to eat as the bowl was super small. Pretty upset as I had paid 17$ for this.",,Ó£ú,,Ó†ç,Share,,,,Like,7,
https://lh3.googleusercontent.com/a/ACg8ocKSjZmxt4hgw1SOQekT1Br0UGpVIyE-kM9L30OHZ5V2HaSRAg=w36-h36-p-rp-mo-br100,Rob Hartley,11 reviews ¬∑ 2 photos,Óóî,Ó†∏,2 years ago,,"Rarely give reviews this low but I‚Äôm blown away. They got the order wrong and barely gave any meat‚Ä¶ I opened the bowl and thought it was strange how little meat they gave. Luckily I have a food scale, the serving size of meat is supposed to ‚Ä¶",More,Ó£ú,,Ó†ç,Share,,,,Like,15,
https://lh3.googleusercontent.com/a-/ALV-UjVATESQ-7cCyyeNg7sVroJL3UGI9j2xLBWf4yJZSSrGVvO7TnWO=w36-h36-p-rp-mo-ba2-br100,MJ Hou,Local Guide ¬∑ 13 reviews ¬∑ 3 photos,Óóî,Ó†∏,2 years ago,,I used to love Chipotle for years but the portion at this location was really sad. The bowl was barely full for a double-double protein bowl with rice and beans‚Ä¶,,Ó£ú,,Ó†ç,Share,,,,Like,5,
https://lh3.googleusercontent.com/a-/ALV-UjUpDVv2at_9pauqHl_TFzRzbBg3q4OvcGALUuIM2KX51_D9Phl-=w36-h36-p-rp-mo-br100,Sana Thobani,31 reviews ¬∑ 2 photos,Óóî,Ó†∏,10 months ago,,"We have visited this chipotle multiple times in the past.
Went today and the service was great until we got to cash. The person who was at cash had the worst customer service skills I have seen in a while. ‚Ä¶",More,Ó£ú,,Ó†ç,Share,,,,Like,1,
https://lh3.googleusercontent.com/a-/ALV-UjXAshMspH83pQQ04KLA0hv40-P4tsX_88eQPHQo25WpVSExHH2g=w36-h36-p-rp-mo-ba3-br100,Riche Quan,Local Guide ¬∑ 49 reviews ¬∑ 3 photos,Óóî,Ó†∏,2 years ago,,"overall decent store, but recently the quality and quantity of food varies very much. My corn today is icyüòµ‚Äçüí´ ‚Ä¶",,Ó£ú,Like,Ó†ç,Share,,,,,,
https://lh3.googleusercontent.com/a-/ALV-UjWlOycR-slVzaSe1ay_dCjbkx4I9X9av7FH_rU5tiCEFfkp0UY=w36-h36-p-rp-mo-br100,Sunny,2 reviews ¬∑ 1 photo,Óóî,Ó†∏,3 weeks ago,New,found a live bug in my bowl?,More,Ó£ú,,Ó†ç,Share,Response from the owner,3 weeks ago,"That's concerning - please let us know more here: https://www.chipotle.com/contact-us#report-an-experience
-Alex",Like,1,
https://lh3.googleusercontent.com/a-/ALV-UjUaGRJkUXTNmur-JdO7qIfBiro1-lZ4AP2V0sjofQ2sAKAv4YRQ=w36-h36-p-rp-mo-ba2-br100,Tadg O'Hare,Local Guide ¬∑ 22 reviews ¬∑ 1 photo,Óóî,Ó†∏,5 months ago,,Don‚Äôt see what all the hype is about chipotle burrito was served cold and some of the essential toppings were extra but it wasn‚Äôt horrible.,More,Ó£ú,Like,Ó†ç,Share,,,,,,
https://lh3.googleusercontent.com/a-/ALV-UjX_YUW14-NWtboc5forXLK5mRNBuR7dXocwg9upq1qBsRdUKLU=w36-h36-p-rp-mo-br100,Rian Hede,3 reviews,Óóî,Ó†∏,3 weeks ago,New,I ordered food and they gave me very little protein and rice. I asked for more and they charged me more.,More,Ó£ú,Like,Ó†ç,Share,Response from the owner,3 weeks ago,Thanks for sharing your feedback. Reach out to us here: https://www.chipotle.com/contact-us so we can help.,,,
https://lh3.googleusercontent.com/a/ACg8ocJUWpsz7nXaZeluGwIaHT5aR4oqLM1VuDZKCpfJYx3cNud9GQ=w36-h36-p-rp-mo-br100,Kelly Lee,2 reviews,Óóî,Ó†∏,11 months ago,,"I went to buy two bowls because i was in a good mood but when i came home, there was a long piece of hair in my food and their service was really bad. Because of their service, my order didn't even come out correctly. I forgot to add my ‚Ä¶",More,Ó£ú,,Ó†ç,Share,,,,Like,2,
https://lh3.googleusercontent.com/a/ACg8ocIjVw2ANTJpp_bD_34wvMpcu8-mz-xUdNNyuePY5k7ImWb5pQ=w36-h36-p-rp-mo-br100,felix jasai,23 reviews,Óóî,Ó†∏,6 months ago,,How to improve your food please rinse the black beans & once you boil the black beans need to drain the water less water is good . next keep your sour cream in the refrigerator always it‚Äôs be running & looks like milk it‚Äôs spoiled the food works & cook are doing good but they need some experience to run the food,More,Ó£ú,Like,Ó†ç,Share,,,,,,
https://lh3.googleusercontent.com/a/ACg8ocK7rDKN0ZucCfoD2bIjzdE1KOHzKFaDHnrmJsuGNPdtQsYtXg=w36-h36-p-rp-mo-ba4-br100,Hari Sukhraj,Local Guide ¬∑ 57 reviews ¬∑ 168 photos,Óóî,Ó†∏,4 years ago,,Got the pork bowl and steak burritto for dinner. Today was wear a hockey jersey and pay for one entree and get one free. In general really good food and decently priced.,,Ó£ú,Like,Ó†ç,Share,,,,,,
https://lh3.googleusercontent.com/a/ACg8ocLTU2W2--lspsbY59ypb_mUpxe-VhsK3uPRYrIXZIAWLcdbmLUV=w36-h36-p-rp-mo-ba3-br100,Gloria Yau,Local Guide ¬∑ 17 reviews ¬∑ 9 photos,Óóî,Ó†∏,3 years ago,,"The quality of the food is great but for the past few times I've ordered online, the order ALWAYS had some issues. They either had missing items or it did not resemble what I've ordered at all (as shown in the photo üòê ) If you cannot go ‚Ä¶",More,Ó£ú,,Ó†ç,Share,,,,Like,3,
https://lh3.googleusercontent.com/a-/ALV-UjW_M31hI1uU0oZTy-cMnCNHfMtwCCKEGkJBxfVHCV4XtrQAlZA4=w36-h36-p-rp-mo-ba3-br100,Eric Leung,Local Guide ¬∑ 22 reviews ¬∑ 6 photos,Óóî,Ó†∏,10 months ago,,Best bang for your buck for the health conscious eater. This location is typically pretty busy but line moves fast.  Parking lot can be hectic. Order ahead of time to skip the line. Relatively clean store.,More,Ó£ú,Like,Ó†ç,Share,,,,,,
https://lh3.googleusercontent.com/a/ACg8ocLcYR43RoxNNTqb-bYubQBIsvU0kLXDNhXyFS7TelNy7PQVhw=w36-h36-p-rp-mo-br100,Sharon Forbes,20 reviews,Óóî,Ó†∏,5 months ago,,Food is always amazing. It is our go to for take out. Lots of choices for a good price.,More,Ó£ú,Like,Ó†ç,Share,,,,,,
https://lh3.googleusercontent.com/a/ACg8ocJh0r1BXZg-sTwfeEErcVgnoCcOasZcKJMLS4ftaGHtuq52QJ91=w36-h36-p-rp-mo-ba7-br100,Alan Chu,"Local Guide ¬∑ 198 reviews ¬∑ 7,843 photos",Óóî,Ó†∏,a year ago,,"Sometimes, depending on the person who makes the bowl, the portion could be much smaller than other location :(",More,Ó£ú,Like,Ó†ç,Share,,,,,,
https://lh3.googleusercontent.com/a-/ALV-UjWbwbK2raPzGKAmheMQ485MdofB5BWBTDuL50Ad8PplFyV2W4yYPQ=w36-h36-p-rp-mo-ba3-br100,Sophie Jiang,Local Guide ¬∑ 50 reviews ¬∑ 61 photos,Óóî,Ó†∏,3 months ago,,Exactly what you would expect from Chipotle. 10/10,More,Ó£ú,,Ó†ç,Share,,,,Like,1,
https://lh3.googleusercontent.com/a-/ALV-UjU2wlsNDc-jBuyLJ2LDFWJST_BXYjWVjkocru0tovgG7OinCUes=w36-h36-p-rp-mo-ba3-br100,Patrick DiGioacchino,Local Guide ¬∑ 21 reviews ¬∑ 67 photos,Óóî,Ó†∏,5 months ago,,This is the most anxiety inducing chipotle. All the employees are trying to rush you through the burrito making process like it‚Äôs an F1 pit stop. Burrito was alright.,More,Ó£ú,,Ó†ç,Share,,,,Like,1,
https://lh3.googleusercontent.com/a-/ALV-UjW0p700e4O93fuZsHcwySzMCbhwI5BiZ3l2b0TPQS-EF74rlKKF=w36-h36-p-rp-mo-ba6-br100,The Shredder,"Local Guide ¬∑ 358 reviews ¬∑ 2,979 photos",Óóî,Ó†∏,a year ago,,"This place is quite mediocre,
The portions here are amazing.
As well it's a quick bite to eat. ‚Ä¶",More,Ó£ú,Like,Ó†ç,Share,,,,,,
https://lh3.googleusercontent.com/a/ACg8ocKIq-vjcZfTMi7BezC6YHeQx-tULYhbMBBKJhQxk1rUMo8Pbw=w36-h36-p-rp-mo-br100,Sumi,20 reviews ¬∑ 2 photos,Óóî,Ó†∏,a month ago,,Fastest chipotle during lunch rush! In and out with perfect amount of everything.,More,Ó£ú,Like,Ó†ç,Share,,,,,,
https://lh3.googleusercontent.com/a-/ALV-UjU75THfJFRitSiUWAy4CuEUa3yE_wR0LqurNa4hUzRKD_3YUg07=w36-h36-p-rp-mo-ba3-br100,Ario Hadian,Local Guide ¬∑ 47 reviews ¬∑ 22 photos,Óóî,Ó†∏,2 years ago,,Bowl isn't strong enough to support the weight of the food + guac. I have no idea why a franchise this big would decide to cheap out on bowls. Osmow's next door has heavier bowls that don't suffer from this issue. ‚Ä¶,More,Ó£ú,,Ó†ç,Share,,,,Like,3,
https://lh3.googleusercontent.com/a/ACg8ocJLn4R0umcAGBe-UkV9Lh4cP0BL96UPB0HTvTF0fpNmtcRxHg=w36-h36-p-rp-mo-br100,Alice Gummy,3 reviews,Óóî,Ó†∏,a year ago,,"This place needs a serious attitude adjustment - chipotle head office is very good and helpful but this location is absolutely terrible. Low stock of drinks, not giving proper portions, not to mention the attitudes of the employees is ‚Ä¶",More,Ó£ú,,Ó†ç,Share,,,,Like,3,
https://lh3.googleusercontent.com/a-/ALV-UjVP2WkzCRQE5KYkf6xqUYWUgetT1aQaX3ckiniIyqDXWH7ZQuyz=w36-h36-p-rp-mo-br100,Dalia,1 review,Óóî,Ó†∏,a year ago,,"Incompetent staff. Their system (for taking card) was down which is fine, but the staff fails to communicate it earlier so you end up waiting in a line for 20 minutes and half way through ordering they abruptly mention under their breath ‚Ä¶",More,Ó£ú,,Ó†ç,Share,,,,Like,3,